<?xml version="1.0" encoding="UTF-8"?>
<office:document-content xmlns:office="urn:oasis:names:tc:opendocument:xmlns:office:1.0" xmlns:style="urn:oasis:names:tc:opendocument:xmlns:style:1.0" xmlns:text="urn:oasis:names:tc:opendocument:xmlns:text:1.0" xmlns:table="urn:oasis:names:tc:opendocument:xmlns:table:1.0" xmlns:draw="urn:oasis:names:tc:opendocument:xmlns:drawing:1.0" xmlns:fo="urn:oasis:names:tc:opendocument:xmlns:xsl-fo-compatible:1.0" xmlns:xlink="http://www.w3.org/1999/xlink" xmlns:dc="http://purl.org/dc/elements/1.1/" xmlns:meta="urn:oasis:names:tc:opendocument:xmlns:meta:1.0" xmlns:number="urn:oasis:names:tc:opendocument:xmlns:datastyle:1.0" xmlns:svg="urn:oasis:names:tc:opendocument:xmlns:svg-compatible:1.0" xmlns:chart="urn:oasis:names:tc:opendocument:xmlns:chart:1.0" xmlns:dr3d="urn:oasis:names:tc:opendocument:xmlns:dr3d:1.0" xmlns:math="http://www.w3.org/1998/Math/MathML" xmlns:form="urn:oasis:names:tc:opendocument:xmlns:form:1.0" xmlns:script="urn:oasis:names:tc:opendocument:xmlns:script:1.0" xmlns:ooo="http://openoffice.org/2004/office" xmlns:ooow="http://openoffice.org/2004/writer" xmlns:oooc="http://openoffice.org/2004/calc" xmlns:dom="http://www.w3.org/2001/xml-events" xmlns:xforms="http://www.w3.org/2002/xforms" xmlns:xsd="http://www.w3.org/2001/XMLSchema" xmlns:xsi="http://www.w3.org/2001/XMLSchema-instance" xmlns:rpt="http://openoffice.org/2005/report" xmlns:of="urn:oasis:names:tc:opendocument:xmlns:of:1.2" xmlns:xhtml="http://www.w3.org/1999/xhtml" xmlns:grddl="http://www.w3.org/2003/g/data-view#" xmlns:officeooo="http://openoffice.org/2009/office" xmlns:tableooo="http://openoffice.org/2009/table" xmlns:drawooo="http://openoffice.org/2010/draw" xmlns:calcext="urn:org:documentfoundation:names:experimental:calc:xmlns:calcext:1.0" xmlns:loext="urn:org:documentfoundation:names:experimental:office:xmlns:loext:1.0" xmlns:field="urn:openoffice:names:experimental:ooo-ms-interop:xmlns:field:1.0" xmlns:formx="urn:openoffice:names:experimental:ooxml-odf-interop:xmlns:form:1.0" xmlns:css3t="http://www.w3.org/TR/css3-text/" office:version="1.2"><office:scripts/><office:font-face-decls><style:font-face style:name="Lohit Devanagari1" svg:font-family="&apos;Lohit Devanagari&apos;"/><style:font-face style:name="Monospace" svg:font-family="Monospace" style:font-family-generic="roman"/><style:font-face style:name="Liberation Serif" svg:font-family="&apos;Liberation Serif&apos;" style:font-family-generic="roman" style:font-pitch="variable"/><style:font-face style:name="Liberation Sans" svg:font-family="&apos;Liberation Sans&apos;" style:font-family-generic="swiss" style:font-pitch="variable"/><style:font-face style:name="Lohit Devanagari" svg:font-family="&apos;Lohit Devanagari&apos;" style:font-family-generic="system" style:font-pitch="variable"/><style:font-face style:name="WenQuanYi Zen Hei Sharp" svg:font-family="&apos;WenQuanYi Zen Hei Sharp&apos;" style:font-family-generic="system" style:font-pitch="variable"/></office:font-face-decls><office:automatic-styles><style:style style:name="Table1" style:family="table"><style:table-properties style:width="6.925in" table:align="margins"/></style:style><style:style style:name="Table1.A" style:family="table-column"><style:table-column-properties style:column-width="2.3083in" style:rel-column-width="21845*"/></style:style><style:style style:name="Table1.A1" style:family="table-cell"><style:table-cell-properties fo:padding="0.0382in" fo:border-left="0.05pt solid #000000" fo:border-right="none" fo:border-top="0.05pt solid #000000" fo:border-bottom="0.05pt solid #000000"/></style:style><style:style style:name="Table1.C1" style:family="table-cell"><style:table-cell-properties fo:padding="0.0382in" fo:border="0.05pt solid #000000"/></style:style><style:style style:name="Table1.A2" style:family="table-cell"><style:table-cell-properties fo:padding="0.0382in" fo:border-left="0.05pt solid #000000" fo:border-right="none" fo:border-top="none" fo:border-bottom="0.05pt solid #000000"/></style:style><style:style style:name="Table1.C2" style:family="table-cell"><style:table-cell-properties fo:padding="0.0382in" fo:border-left="0.05pt solid #000000" fo:border-right="0.05pt solid #000000" fo:border-top="none" fo:border-bottom="0.05pt solid #000000"/></style:style><style:style style:name="P1" style:family="paragraph" style:parent-style-name="Standard"><style:text-properties officeooo:rsid="001aaece" officeooo:paragraph-rsid="001aaece"/></style:style><style:style style:name="P2" style:family="paragraph" style:parent-style-name="Standard"><style:text-properties officeooo:rsid="001ae99a" officeooo:paragraph-rsid="001ae99a"/></style:style><style:style style:name="P3" style:family="paragraph" style:parent-style-name="Standard"><style:text-properties officeooo:rsid="001c42c1" officeooo:paragraph-rsid="001c42c1"/></style:style><style:style style:name="P4" style:family="paragraph" style:parent-style-name="Standard"><style:text-properties officeooo:rsid="001cdd49" officeooo:paragraph-rsid="001cdd49"/></style:style><style:style style:name="P5" style:family="paragraph" style:parent-style-name="Standard"><style:text-properties fo:font-size="12pt" officeooo:rsid="001cdd49" officeooo:paragraph-rsid="001cdd49" style:font-size-asian="12pt" style:font-size-complex="12pt"/></style:style><style:style style:name="P6" style:family="paragraph" style:parent-style-name="Standard"><style:paragraph-properties fo:margin-left="0in" fo:margin-right="0in" fo:text-align="start" style:justify-single-word="false" fo:text-indent="0in" style:auto-text-indent="false"/><style:text-properties style:font-name="Monospace" fo:font-size="12pt" style:font-size-asian="12pt" style:font-size-complex="12pt"/></style:style><style:style style:name="P7" style:family="paragraph" style:parent-style-name="Standard"><style:paragraph-properties fo:margin-left="0in" fo:margin-right="0in" fo:text-align="start" style:justify-single-word="false" fo:text-indent="0in" style:auto-text-indent="false"/><style:text-properties fo:font-size="12pt" style:font-size-asian="12pt" style:font-size-complex="12pt"/></style:style><style:style style:name="P8" style:family="paragraph" style:parent-style-name="Table_20_Contents"><style:text-properties officeooo:rsid="001c42c1" officeooo:paragraph-rsid="001c42c1"/></style:style><style:style style:name="P9" style:family="paragraph" style:parent-style-name="Table_20_Contents"><style:text-properties officeooo:rsid="001cdd49" officeooo:paragraph-rsid="001cdd49"/></style:style><style:style style:name="P10" style:family="paragraph" style:parent-style-name="Standard"><style:paragraph-properties fo:margin-left="0in" fo:margin-right="0in" fo:text-align="start" style:justify-single-word="false" fo:text-indent="0in" style:auto-text-indent="false"/><style:text-properties fo:color="#000000" style:font-name="Monospace" fo:font-size="12pt" style:font-size-asian="12pt" style:font-size-complex="12pt"/></style:style><style:style style:name="P11" style:family="paragraph" style:parent-style-name="Standard"><style:paragraph-properties fo:margin-left="0in" fo:margin-right="0in" fo:text-align="start" style:justify-single-word="false" fo:text-indent="0in" style:auto-text-indent="false"/><style:text-properties fo:color="#000000" style:font-name="Monospace" fo:font-size="12pt" officeooo:rsid="001cdd49" officeooo:paragraph-rsid="001cdd49" style:font-size-asian="12pt" style:font-size-complex="12pt"/></style:style><style:style style:name="T1" style:family="text"><style:text-properties fo:color="#000000" style:font-name="Monospace"/></style:style><style:style style:name="T2" style:family="text"><style:text-properties fo:color="#7f0055" style:font-name="Monospace" fo:font-weight="bold" style:font-weight-asian="bold"/></style:style><style:style style:name="T3" style:family="text"><style:text-properties fo:color="#6a3e3e" style:font-name="Monospace"/></style:style></office:automatic-styles><office:body><office:text text:use-soft-page-breaks="true"><text:sequence-decls><text:sequence-decl text:display-outline-level="0" text:name="Illustration"/><text:sequence-decl text:display-outline-level="0" text:name="Table"/><text:sequence-decl text:display-outline-level="0" text:name="Text"/><text:sequence-decl text:display-outline-level="0" text:name="Drawing"/></text:sequence-decls><text:p text:style-name="P1">5 5 6 + 3 <text:s/>- 2 / *</text:p><text:p text:style-name="P1"/><text:p text:style-name="P1">PUSH(5)</text:p><text:p text:style-name="P1">STACK: 5</text:p><text:p text:style-name="P1"/><text:p text:style-name="P1">PUSH(5)</text:p><text:p text:style-name="P1">STACK: 5 5</text:p><text:p text:style-name="P1"/><text:p text:style-name="P1">PUSH(6)</text:p><text:p text:style-name="P1">STACK: 5 5 6</text:p><text:p text:style-name="P1"/><text:p text:style-name="P1">+</text:p><text:p text:style-name="P1">POP()</text:p><text:p text:style-name="P1">POP()</text:p><text:p text:style-name="P1">5+6 = 11</text:p><text:p text:style-name="P1">PUSH(11)</text:p><text:p text:style-name="P1">STACK: 5 11</text:p><text:p text:style-name="P1"/><text:p text:style-name="P1">PUSH(3)</text:p><text:p text:style-name="P1">STACK 5 11 3</text:p><text:p text:style-name="P1"/><text:p text:style-name="P1">-</text:p><text:p text:style-name="P1">POP()</text:p><text:p text:style-name="P1">POP()</text:p><text:p text:style-name="P1">11-3 = 8</text:p><text:p text:style-name="P1">PUSH(8)</text:p><text:p text:style-name="P1">STACK: 5 8</text:p><text:p text:style-name="P1"/><text:p text:style-name="P1"/><text:p text:style-name="P1">PUSH(2)</text:p><text:p text:style-name="P1">STACK: 5 8 2</text:p><text:p text:style-name="P1"/><text:p text:style-name="P1">/</text:p><text:p text:style-name="P1">POP()</text:p><text:p text:style-name="P1">POP()</text:p><text:p text:style-name="P1">8 / 2 = 4</text:p><text:p text:style-name="P1">PUSH(4)</text:p><text:p text:style-name="P1">STACK: 5 4</text:p><text:p text:style-name="P1"/><text:p text:style-name="P1">*</text:p><text:p text:style-name="P1">POP()</text:p><text:p text:style-name="P1">POP()</text:p><text:p text:style-name="P1">5 * 4 = 20</text:p><text:p text:style-name="P1">PUSH(20)</text:p><text:p text:style-name="P1">STACK: 20</text:p><text:p text:style-name="P1"/><text:p text:style-name="P2"/><text:p text:style-name="P2"/><text:p text:style-name="P2"/><text:p text:style-name="P2"><text:soft-page-break/>Q1/2</text:p><text:p text:style-name="P3">6 + 1 * 5 – 7 &gt; 2</text:p><table:table table:name="Table1" table:style-name="Table1"><table:table-column table:style-name="Table1.A" table:number-columns-repeated="3"/><table:table-row><table:table-cell table:style-name="Table1.A1" office:value-type="string"><text:p text:style-name="P8">Symbol</text:p></table:table-cell><table:table-cell table:style-name="Table1.A1" office:value-type="string"><text:p text:style-name="P8">Operator stack</text:p></table:table-cell><table:table-cell table:style-name="Table1.C1" office:value-type="string"><text:p text:style-name="P8">Operand stack</text:p></table:table-cell></table:table-row><table:table-row><table:table-cell table:style-name="Table1.A2" office:value-type="string"><text:p text:style-name="P9">6</text:p></table:table-cell><table:table-cell table:style-name="Table1.A2" office:value-type="string"><text:p text:style-name="Table_20_Contents"/></table:table-cell><table:table-cell table:style-name="Table1.C2" office:value-type="string"><text:p text:style-name="P9">6</text:p></table:table-cell></table:table-row><table:table-row><table:table-cell table:style-name="Table1.A2" office:value-type="string"><text:p text:style-name="P9">+</text:p></table:table-cell><table:table-cell table:style-name="Table1.A2" office:value-type="string"><text:p text:style-name="P9">+</text:p></table:table-cell><table:table-cell table:style-name="Table1.C2" office:value-type="string"><text:p text:style-name="P9">6</text:p></table:table-cell></table:table-row><table:table-row><table:table-cell table:style-name="Table1.A2" office:value-type="string"><text:p text:style-name="P9">1</text:p></table:table-cell><table:table-cell table:style-name="Table1.A2" office:value-type="string"><text:p text:style-name="P9">+</text:p></table:table-cell><table:table-cell table:style-name="Table1.C2" office:value-type="string"><text:p text:style-name="P9">6 1</text:p></table:table-cell></table:table-row><table:table-row><table:table-cell table:style-name="Table1.A2" office:value-type="string"><text:p text:style-name="Table_20_Contents">*</text:p></table:table-cell><table:table-cell table:style-name="Table1.A2" office:value-type="string"><text:p text:style-name="P9">+ *</text:p></table:table-cell><table:table-cell table:style-name="Table1.C2" office:value-type="string"><text:p text:style-name="P9">6 1</text:p></table:table-cell></table:table-row><table:table-row><table:table-cell table:style-name="Table1.A2" office:value-type="string"><text:p text:style-name="P9">5</text:p></table:table-cell><table:table-cell table:style-name="Table1.A2" office:value-type="string"><text:p text:style-name="P9">+ *</text:p></table:table-cell><table:table-cell table:style-name="Table1.C2" office:value-type="string"><text:p text:style-name="P9">6 1 5</text:p></table:table-cell></table:table-row><table:table-row><table:table-cell table:style-name="Table1.A2" office:value-type="string"><text:p text:style-name="Table_20_Contents">-</text:p></table:table-cell><table:table-cell table:style-name="Table1.A2" office:value-type="string"><text:p text:style-name="Table_20_Contents">-</text:p></table:table-cell><table:table-cell table:style-name="Table1.C2" office:value-type="string"><text:p text:style-name="P9">6 + 1 * 5 = 6 + 5 = 11</text:p></table:table-cell></table:table-row><table:table-row><table:table-cell table:style-name="Table1.A2" office:value-type="string"><text:p text:style-name="P9">7</text:p></table:table-cell><table:table-cell table:style-name="Table1.A2" office:value-type="string"><text:p text:style-name="Table_20_Contents">-</text:p></table:table-cell><table:table-cell table:style-name="Table1.C2" office:value-type="string"><text:p text:style-name="P9">11 7</text:p></table:table-cell></table:table-row><table:table-row><table:table-cell table:style-name="Table1.A2" office:value-type="string"><text:p text:style-name="P9">&gt;</text:p></table:table-cell><table:table-cell table:style-name="Table1.A2" office:value-type="string"><text:p text:style-name="P9">&gt;</text:p></table:table-cell><table:table-cell table:style-name="Table1.C2" office:value-type="string"><text:p text:style-name="P9">11 – 7 = 4</text:p></table:table-cell></table:table-row><table:table-row><table:table-cell table:style-name="Table1.A2" office:value-type="string"><text:p text:style-name="P9">2</text:p></table:table-cell><table:table-cell table:style-name="Table1.A2" office:value-type="string"><text:p text:style-name="Table_20_Contents"/></table:table-cell><table:table-cell table:style-name="Table1.C2" office:value-type="string"><text:p text:style-name="P9">4 &gt; 2 = true</text:p></table:table-cell></table:table-row></table:table><text:p text:style-name="P2"/><text:p text:style-name="P1"/><text:p text:style-name="P4"/><text:p text:style-name="P4"/><text:p text:style-name="P4"/><text:p text:style-name="P4"/><text:p text:style-name="P4"/><text:p text:style-name="P4"/><text:p text:style-name="P4"/><text:p text:style-name="P4"/><text:p text:style-name="P4"/><text:p text:style-name="P4"/><text:p text:style-name="P4"/><text:p text:style-name="P4"/><text:p text:style-name="P4"/><text:p text:style-name="P4"/><text:p text:style-name="P4"/><text:p text:style-name="P4"/><text:p text:style-name="P4"/><text:p text:style-name="P4"/><text:p text:style-name="P4"/><text:p text:style-name="P4"/><text:p text:style-name="P4"/><text:p text:style-name="P4"/><text:p text:style-name="P4"/><text:p text:style-name="P4"/><text:p text:style-name="P4"/><text:p text:style-name="P4"/><text:p text:style-name="P4"/><text:p text:style-name="P4"/><text:p text:style-name="P4"/><text:p text:style-name="P4"/><text:p text:style-name="P4"/><text:p text:style-name="P4"><text:soft-page-break/>Q2/1</text:p><text:p text:style-name="P5"><text:span text:style-name="T1"><text:tab/></text:span><text:span text:style-name="T2">public</text:span><text:span text:style-name="T1"> </text:span><text:span text:style-name="T2">static</text:span><text:span text:style-name="T1"> &lt;T&gt; </text:span><text:span text:style-name="T2">void</text:span><text:span text:style-name="T1"> pushBack(LinkedStack&lt;T&gt; </text:span><text:span text:style-name="T3">st</text:span><text:span text:style-name="T1">,</text:span><text:span text:style-name="T2">int</text:span><text:span text:style-name="T1"> </text:span><text:span text:style-name="T3">p</text:span><text:span text:style-name="T1">)</text:span></text:p><text:p text:style-name="P10"><text:tab/>{</text:p><text:p text:style-name="P7"><text:span text:style-name="T1"><text:tab/><text:tab/>LinkedStack&lt;T&gt; </text:span><text:span text:style-name="T3">temp</text:span><text:span text:style-name="T1"> = </text:span><text:span text:style-name="T2">new</text:span><text:span text:style-name="T1"> LinkedStack&lt;T&gt;();</text:span></text:p><text:p text:style-name="P7"><text:span text:style-name="T1"><text:tab/><text:tab/></text:span><text:span text:style-name="T2">int</text:span><text:span text:style-name="T1"> </text:span><text:span text:style-name="T3">size</text:span><text:span text:style-name="T1"> = 0;</text:span></text:p><text:p text:style-name="P6"/><text:p text:style-name="P7"><text:span text:style-name="T1"><text:tab/><text:tab/></text:span><text:span text:style-name="T2">while</text:span><text:span text:style-name="T1">(! </text:span><text:span text:style-name="T3">st</text:span><text:span text:style-name="T1">.empty())</text:span></text:p><text:p text:style-name="P10"><text:tab/><text:tab/>{</text:p><text:p text:style-name="P7"><text:span text:style-name="T1"><text:tab/><text:tab/><text:tab/></text:span><text:span text:style-name="T3">temp</text:span><text:span text:style-name="T1">.push(</text:span><text:span text:style-name="T3">st</text:span><text:span text:style-name="T1">.pop());</text:span></text:p><text:p text:style-name="P7"><text:span text:style-name="T1"><text:tab/><text:tab/><text:tab/></text:span><text:span text:style-name="T3">size</text:span><text:span text:style-name="T1">++;</text:span></text:p><text:p text:style-name="P10"><text:tab/><text:tab/>}</text:p><text:p text:style-name="P6"/><text:p text:style-name="P7"><text:span text:style-name="T1"><text:tab/><text:tab/></text:span><text:span text:style-name="T2">while</text:span><text:span text:style-name="T1">(! </text:span><text:span text:style-name="T3">temp</text:span><text:span text:style-name="T1">.empty())</text:span></text:p><text:p text:style-name="P7"><text:span text:style-name="T1"><text:tab/><text:tab/><text:tab/></text:span><text:span text:style-name="T3">st</text:span><text:span text:style-name="T1">.push(</text:span><text:span text:style-name="T3">temp</text:span><text:span text:style-name="T1">.pop());</text:span></text:p><text:p text:style-name="P6"/><text:p text:style-name="P7"><text:span text:style-name="T1"><text:tab/><text:tab/></text:span><text:span text:style-name="T2">if</text:span><text:span text:style-name="T1"> (</text:span><text:span text:style-name="T3">p</text:span><text:span text:style-name="T1"> &gt;= 1 &amp;&amp; </text:span><text:span text:style-name="T3">p</text:span><text:span text:style-name="T1"> &lt;= </text:span><text:span text:style-name="T3">size</text:span><text:span text:style-name="T1">)</text:span></text:p><text:p text:style-name="P10"><text:tab/><text:tab/>{</text:p><text:p text:style-name="P7"><text:span text:style-name="T1"><text:tab/><text:tab/><text:tab/>T </text:span><text:span text:style-name="T3">x</text:span><text:span text:style-name="T1"> = </text:span><text:span text:style-name="T3">st</text:span><text:span text:style-name="T1">.pop();</text:span></text:p><text:p text:style-name="P6"/><text:p text:style-name="P7"><text:span text:style-name="T1"><text:tab/><text:tab/><text:tab/></text:span><text:span text:style-name="T2">for</text:span><text:span text:style-name="T1"> (</text:span><text:span text:style-name="T2">int</text:span><text:span text:style-name="T1"> </text:span><text:span text:style-name="T3">i</text:span><text:span text:style-name="T1"> = 1; </text:span><text:span text:style-name="T3">i</text:span><text:span text:style-name="T1"> &lt; </text:span><text:span text:style-name="T3">p</text:span><text:span text:style-name="T1">; </text:span><text:span text:style-name="T3">i</text:span><text:span text:style-name="T1">++)</text:span></text:p><text:p text:style-name="P7"><text:span text:style-name="T1"><text:tab/><text:tab/><text:tab/><text:tab/></text:span><text:span text:style-name="T3">temp</text:span><text:span text:style-name="T1">.push(</text:span><text:span text:style-name="T3">st</text:span><text:span text:style-name="T1">.pop());</text:span></text:p><text:p text:style-name="P6"/><text:p text:style-name="P7"><text:span text:style-name="T1"><text:tab/><text:tab/><text:tab/></text:span><text:span text:style-name="T3">st</text:span><text:span text:style-name="T1">.push(</text:span><text:span text:style-name="T3">x</text:span><text:span text:style-name="T1">);</text:span></text:p><text:p text:style-name="P6"/><text:p text:style-name="P7"><text:span text:style-name="T1"><text:tab/><text:tab/><text:tab/></text:span><text:span text:style-name="T2">while</text:span><text:span text:style-name="T1">(! </text:span><text:span text:style-name="T3">temp</text:span><text:span text:style-name="T1">.empty())</text:span></text:p><text:p text:style-name="P7"><text:span text:style-name="T1"><text:tab/><text:tab/><text:tab/><text:tab/></text:span><text:span text:style-name="T3">st</text:span><text:span text:style-name="T1">.push(</text:span><text:span text:style-name="T3">temp</text:span><text:span text:style-name="T1">.pop());</text:span></text:p><text:p text:style-name="P10"><text:tab/><text:tab/>}</text:p><text:p text:style-name="P10"><text:tab/>}</text:p><text:p text:style-name="P10"/><text:p text:style-name="P11">Q2/2</text:p><text:p text:style-name="P7"/><text:p text:style-name="P7"><text:span text:style-name="T1"><text:tab/></text:span><text:span text:style-name="T2">public</text:span><text:span text:style-name="T1"> </text:span><text:span text:style-name="T2">static</text:span><text:span text:style-name="T1"> </text:span><text:span text:style-name="T2">boolean</text:span><text:span text:style-name="T1"> checkTotalTop(LinkedStack&lt;Integer&gt; </text:span><text:span text:style-name="T3">st</text:span><text:span text:style-name="T1">)</text:span></text:p><text:p text:style-name="P10"><text:tab/>{</text:p><text:p text:style-name="P7"><text:span text:style-name="T1"><text:tab/><text:tab/>LinkedStack&lt;Integer&gt; </text:span><text:span text:style-name="T3">temp</text:span><text:span text:style-name="T1"> = </text:span><text:span text:style-name="T2">new</text:span><text:span text:style-name="T1"> LinkedStack&lt;Integer&gt;();</text:span></text:p><text:p text:style-name="P7"><text:span text:style-name="T1"><text:tab/><text:tab/></text:span><text:span text:style-name="T2">int</text:span><text:span text:style-name="T1"> </text:span><text:span text:style-name="T3">sum</text:span><text:span text:style-name="T1"> = 0;</text:span></text:p><text:p text:style-name="P7"><text:span text:style-name="T1"><text:tab/><text:tab/></text:span><text:span text:style-name="T2">int</text:span><text:span text:style-name="T1"> </text:span><text:span text:style-name="T3">x</text:span><text:span text:style-name="T1">,</text:span><text:span text:style-name="T3">t</text:span><text:span text:style-name="T1">;</text:span></text:p><text:p text:style-name="P6"/><text:p text:style-name="P7"><text:span text:style-name="T1"><text:tab/><text:tab/></text:span><text:span text:style-name="T3">t</text:span><text:span text:style-name="T1"> = </text:span><text:span text:style-name="T3">st</text:span><text:span text:style-name="T1">.pop();</text:span></text:p><text:p text:style-name="P7"><text:span text:style-name="T1"><text:tab/><text:tab/></text:span><text:span text:style-name="T3">temp</text:span><text:span text:style-name="T1">.push(</text:span><text:span text:style-name="T3">t</text:span><text:span text:style-name="T1">);</text:span></text:p><text:p text:style-name="P6"/><text:p text:style-name="P7"><text:span text:style-name="T1"><text:tab/><text:tab/></text:span><text:span text:style-name="T2">while</text:span><text:span text:style-name="T1">(! </text:span><text:span text:style-name="T3">st</text:span><text:span text:style-name="T1">.empty())</text:span></text:p><text:p text:style-name="P10"><text:tab/><text:tab/>{</text:p><text:p text:style-name="P7"><text:span text:style-name="T1"><text:tab/><text:tab/><text:tab/></text:span><text:span text:style-name="T3">x</text:span><text:span text:style-name="T1"> = </text:span><text:span text:style-name="T3">st</text:span><text:span text:style-name="T1">.pop();</text:span></text:p><text:p text:style-name="P7"><text:span text:style-name="T1"><text:tab/><text:tab/><text:tab/></text:span><text:span text:style-name="T3">temp</text:span><text:span text:style-name="T1">.push(</text:span><text:span text:style-name="T3">x</text:span><text:span text:style-name="T1">);</text:span></text:p><text:p text:style-name="P10"><text:tab/><text:tab/><text:tab/></text:p><text:p text:style-name="P7"><text:span text:style-name="T1"><text:tab/><text:tab/><text:tab/></text:span><text:span text:style-name="T3">sum</text:span><text:span text:style-name="T1"> += </text:span><text:span text:style-name="T3">x</text:span><text:span text:style-name="T1">;</text:span></text:p><text:p text:style-name="P10"><text:tab/><text:tab/>}</text:p><text:p text:style-name="P6"/><text:p text:style-name="P7"><text:soft-page-break/><text:span text:style-name="T1"><text:tab/><text:tab/></text:span><text:span text:style-name="T2">while</text:span><text:span text:style-name="T1">(! </text:span><text:span text:style-name="T3">temp</text:span><text:span text:style-name="T1">.empty())</text:span></text:p><text:p text:style-name="P7"><text:span text:style-name="T1"><text:tab/><text:tab/><text:tab/></text:span><text:span text:style-name="T3">st</text:span><text:span text:style-name="T1">.push(</text:span><text:span text:style-name="T3">temp</text:span><text:span text:style-name="T1">.pop());</text:span></text:p><text:p text:style-name="P6"/><text:p text:style-name="P7"><text:span text:style-name="T1"><text:tab/><text:tab/></text:span><text:span text:style-name="T2">if</text:span><text:span text:style-name="T1"> (</text:span><text:span text:style-name="T3">t</text:span><text:span text:style-name="T1"> == </text:span><text:span text:style-name="T3">sum</text:span><text:span text:style-name="T1">)</text:span></text:p><text:p text:style-name="P7"><text:span text:style-name="T1"><text:tab/><text:tab/><text:tab/></text:span><text:span text:style-name="T2">return</text:span><text:span text:style-name="T1"> </text:span><text:span text:style-name="T2">true</text:span><text:span text:style-name="T1">;</text:span></text:p><text:p text:style-name="P7"><text:span text:style-name="T1"><text:tab/><text:tab/></text:span><text:span text:style-name="T2">else</text:span></text:p><text:p text:style-name="P7"><text:span text:style-name="T1"><text:tab/><text:tab/><text:tab/></text:span><text:span text:style-name="T2">return</text:span><text:span text:style-name="T1"> </text:span><text:span text:style-name="T2">false</text:span><text:span text:style-name="T1">;</text:span></text:p><text:p text:style-name="P10"><text:tab/>}</text:p><text:p text:style-name="P5"/></office:text></office:body></office:document-content>