<?xml version="1.0" encoding="UTF-8"?>
<office:document-meta xmlns:office="urn:oasis:names:tc:opendocument:xmlns:office:1.0" xmlns:xlink="http://www.w3.org/1999/xlink" xmlns:dc="http://purl.org/dc/elements/1.1/" xmlns:meta="urn:oasis:names:tc:opendocument:xmlns:meta:1.0" xmlns:ooo="http://openoffice.org/2004/office" xmlns:grddl="http://www.w3.org/2003/g/data-view#" office:version="1.2"><office:meta><meta:creation-date>2015-11-08T23:45:57.800184419</meta:creation-date><dc:date>2015-11-09T00:01:49.141545600</dc:date><meta:editing-duration>PT8M8S</meta:editing-duration><meta:editing-cycles>4</meta:editing-cycles><meta:generator>LibreOffice/4.2.6.3$Linux_X86_64 LibreOffice_project/420$Build-3</meta:generator><meta:document-statistic meta:table-count="1" meta:image-count="0" meta:object-count="0" meta:page-count="4" meta:paragraph-count="109" meta:word-count="239" meta:character-count="1140" meta:non-whitespace-character-count="910"/></office:meta></office:document-meta>